,Title,Year
0,Batman Begins,2005
1,The Batman,2022
2,Batman v Superman: Dawn of Justice,2016
3,Batman v Superman: Dawn of Justice,2016
4,Batman,1989
5,Batman Returns,1992
6,Batman Forever,1995
7,Batman & Robin,1997
8,The Lego Batman Movie,2017
9,Batman: The Animated Series,1992–1995
10,Batman v Superman: Dawn of Justice (Ultimate Edition),2016
11,Batman: The Killing Joke,2016
12,Batman: Mask of the Phantasm,1993
13,Batman: Under the Red Hood,2010
14,"Batman: The Dark Knight Returns, Part 1",2012
15,"Batman: The Dark Knight Returns, Part 2",2013
16,Batman: The Movie,1966
17,Son of Batman,2014
18,Batman Beyond,1999–2001
19,Batman: Year One,2011
20,Batman: Assault on Arkham,2014
21,Batman,1966–1968
22,Batman: Gotham Knight,2008
23,Batman: Arkham City,2011
24,Superman/Batman: Apocalypse,2010
25,Batman Beyond: Return of the Joker,2000
26,Batman Ninja,2018
27,"Batman: The Long Halloween, Part One",2021
28,Superman/Batman: Public Enemies,2009
29,Batman: Bad Blood,2016
30,The New Batman Adventures,1997–1999
31,Batman vs. Robin,2015
32,Batman: Arkham Asylum,2009
33,Batman: Gotham by Gaslight,2018
34,"Batman: The Long Halloween, Part Two",2021
35,Batman and Harley Quinn,2017
36,Batman: Caped Crusader,2024–
37,Batman: Hush,2019
38,The Batman,2004–2008
39,Batman & Mr. Freeze: SubZero,1998
40,Batman Begins,2005
41,Batman: Arkham Origins,2013
42,Batman: Mystery of the Batwoman,2003
43,Batman: The Brave and the Bold,2008–2011
44,The Batman Superman Movie: World's Finest,1997
45,Batman vs Teenage Mutant Ninja Turtles,2019
46,The Batman vs. Dracula,2005
47,Batman: Arkham Knight,2015
48,Batman: Soul of the Dragon,2021
49,Batman: Return of the Caped Crusaders,2016
50,Batman Beyond: The Movie,1999
51,Batman: Dead End,2003
52,Lego Batman: The Movie - DC Super Heroes Unite,2013
53,Beware the Batman,2013–2014
54,Merry Little Batman,2023
55,Batman vs. Two-Face,2017
56,Batman: The Long Halloween,2021
57,Batman: The Telltale Series,2016
58,Batman Unlimited: Animal Instincts,2015
59,Scooby-Doo & Batman: The Brave and the Bold,2018
60,Lego Batman: The Videogame,2008
61,Batman,1943
62,Batman Unlimited: Monster Mayhem,2015
63,Batman Beyond,2014
64,Batman & Bill,2017
65,Batman and Robin,1949
66,Batman and Robin,1949
67,Batman: The Dark Knight,2008
68,Lego Batman 2: DC Super Heroes,2012
69,Batman: Strange Days,2014
70,Batman: Death in the Family,2020
71,Lego DC Comics: Batman Be-Leaguered,2014
72,The Adventures of Batman,1968–1969
73,Lego DC Batman: Family Matters,2019
74,Batman Unlimited: Mechs vs. Mutants,2016
75,The New Adventures of Batman,1977–1978
76,Batman: The Dark Knight Returns,2013
77,Lego Batman 3: Beyond Gotham,2014
78,Batman vs Joker: Final Joke,2008
79,Aztec Batman: Clash of Empires,2025
80,The Death of Batman,2003
81,Scooby-Doo Meets Batman,1972
82,Batman Unlimited,2015–2016
83,"Superman, Spiderman or Batman",2011
84,Batman Unmasked,2008
85,Batman: Arkham Knight,2015
86,Batman: Arkham Origins - Blackgate,2013
87,Batman Legends,2006
88,Batman: Black and White,2008–2009
89,Batman: Rise of Sin Tzu,2003
90,Batman: Vengeance,2001
91,Batman: New Times,2005
92,The Batman Chronicles,2014
93,Legends of the Dark Knight: The History of Batman,2005
94,"Batman: Arkham Origins - Cold, Cold Heart",2014
95,Batman Dracula,1964
96,Batman Beyond,2015–
97,Batman: The Journey Begins,2005
98,Alyas Batman en Robin,1991
99,Heart of Batman,2018
100,Batman,1989
101,Batman Tech,2008
102,Batman Returns,1992
103,Batman: Ashes to Ashes,2009
104,Batman Is Just Not That Into You,2017
105,Batman Forever: The Arcade Game,1996
106,Batman: The Tumbler,2005
107,Batman Beyond,2000
108,Batman Begins: Path to Discovery,2005
109,Behind the Mask: The Batman Dead End Story,2015
110,Batman Beyond: Year One,2024
111,The Adventures of Batman & Robin,1994
112,Batman Fights Dracula,1967
113,James Batman,1966
114,Fat Man on Batman with Kevin Smith & Marc Bernardin!,2015–
115,Batman: The Long Halloween,2015
116,Batman Arkham City: Harley Quinn's Revenge,2012
117,Batman Revealed,2012
118,Riddle Me This: Why Is Batman Forever?,1995
119,Batman Adventures: Mad Love,2008
120,Batman: Arkham VR,2016
121,Batman & Robin,1998
122,Superman vs. Batman: When Heroes Collide,2013
123,Batman: Death Wish,2012
124,Shadows of the Bat: The Cinematic Saga of the Dark Knight - Batman Unbound,2005
125,Lego Batman vs. Superman,2014
126,Batman: The Enemy Within,2017
127,Batman: Anarchy,2016
128,Batman: Abyss,2013–
129,Star Trek Versus Batman,2006
130,Batman,2006
131,Batman: Dark Tomorrow,2003
132,Batman: Revenge of the Joker,1992
133,The Oath: A Batman Fan Film,2022
134,Batman: The Brave and the Bold - The Videogame,2010
135,Batman & Jesus,2017
136,Dan Harmon's Batman,2002
137,Batman: Two Face's Revenge,2013
138,Batman and Me,2020
139,Batman Begins: Behind the Mask,2005
140,"Batman and Me: A Devotion to Destiny, the Bob Kane Story",2008
141,Batman V Arrow,2016
142,Beyond Batman: From Jack to the Joker,2005
143,Batman and Robin,1964
144,"The Lego Batman, Spider-Man, & Superman Movie",2010
145,"Batman Unlimited: Animal Instincts, Penguin: High Society Criminal",2014
146,The Batman Shootings,2012
147,Bane After Batman with Chris Kattan,2012
148,Beyond Batman: Designing the Batsuit,2005
149,Gay Batman,2014
150,Superman Meets Batman,2016
151,Batman Vs Superman Redub,2021
152,Batman: Gotham City Racer,2001
153,Beyond Batman: Visualizing Gotham - The Production Design of Batman,2005
154,Beyond Batman: Building the Batmobile,2005
155,Lego Batman: Jokers Team-Up!,2011
156,Batman: The Caped Crusader,1988
157,The Amazing Adventures of Little Batman,2007
158,Batman: The Legacy Continues,2004
159,Batman Heroes: Batman,2005
160,Batman Villains: The Joker,2005
161,"How to, Batman!",2009–
162,Beyond Batman: Assembling the Arctic Army,2005
163,The Lego Batman & Superman Movie,2009
164,Batman: Dante,2016
165,"Beyond Batman: Sleek, Sexy and Sinister - The Costumes of Batman Returns",2005
166,"Beyond Batman: Bats, Mattes & Dark Nights - The Visual FX of Batman Returns",2005
167,Beyond Batman: Gotham City Revisited - The Production Design of Batman Returns,2005
168,Beyond Batman: Nocturnal Overtures - The Music of Batman,2005
169,Lego Batman Rises,2019
170,Batman Ninja: Made in Japan,2018
171,The Lego Batman Collection,2007–
172,"Fight! Batman, Fight!",1973
173,Beyond Batman: Making Up the Penguin,2005
174,Batman Evolution,2014
175,LEGO Batman vs. Superman 2: Dawn of Just Desserts,2015
176,Beyond Batman: Dressed to Thrill - The Costumes of 'Batman & Robin',2005
177,Beyond Batman: Inside the Elfman Studio - The Music of Batman Returns,2005
178,Batman Returns Villains: Catwoman,2005
179,Gay Batman Forever,2015
180,OnStar: Batman,2000–2002
181,Batman,1989
182,A First Look at Batman: Under the Red Hood,2010
183,Alyas Batman at Robin,1965
184,Bond V Batman: Age of Vengeance,2015
185,The Lego Batman and Spider-Man Movie,2022
186,Rifftrax: Batman v. Superman,2017
187,The Death of Batman,2021
188,Beyond Batman: Freeze Frame - The Visual FX of 'Batman & Robin',2005
189,Batman: Legend of Arkham City,2012
190,Batman Beyond: Return of the Joker,2019
191,Lego Batman: Nightwing's Return,2010
192,Batman v Superman,2013
193,Beyond Batman: 'Those Wonderful Toys' - The Props & Gadgets of Batman,2005
194,Beyond Batman: Maximum Overdrive - The Vehicles of 'Batman & Robin',2005
195,Batman Beyond: Zero,2012
196,Batman Date with Destiny,2009
197,Bond P Batman,2016
198,"The Trinity: Wonder Woman, Superman and Batman",2017
199,Batman Beyond Angel of Death,2008
200,Batman Beyond: Rising Knight,2014
201,Batman: Chaos in Gotham,2001
202,Batman Heroes: Commissioner Gordon,2005
203,Batman Returns Villains: The Penguin,2005
204,Batman: Secrets of the Caped Crusader,1992
205,Batman and Robin and the Other Super Heroes,1989
206,Hanging with Batman,2014
207,Batman Beyond: Forgotten Memories,2007
208,Batman Beyond Path of Destruction,2006
209,Gay Batman Returns,2014
210,Batman: Austerity & Rage,2016
211,Batman: Knightmare,2020
212,Batman: Broken Promise,2022
213,Batman: Terror of Arkham,2019
214,Batman vs. Predator,2013
215,Um Conto De Batman: Na Psicose Do Ventríloquo,2014
216,A First Look at Superman/Batman: Apocalypse,2010
217,Batman Heroes: Harvey Dent,2005
218,Batman Returns Heroes: Alfred,2005
219,Batman Featurette,2001
220,"Tro, håb og Batman",2001
221,Batman Year One: A Conversation with DC Comics,2011
222,Superman/Batman: When Clark Met Bruce,2012
223,Batman: The Shattered Cowl,2016
224,The Lego Batman & Spider-Man Movie,2009
225,The Lego Batman & Spider-Man Movie 2,2009
226,Batman,1991
227,Batman vs. Catwoman,2013
228,Batman Returns Villains: Max Shreck,2005
229,A Test of Minds: The Psychology of Superman and Batman,2009
230,Batman Villains: Bob the Goon,2005
231,Batman Heroes: Alexander Knox,2005
232,B@ (Batman Parody Film),2016
233,Batman Forever Heroes: Dr. Chase Meridian,2005
234,Epic dinosaur and Batman fight,2023
235,Batman: Master of Fear,2017
236,The Lego Batman & Santa Team-Up!,2012
237,Batman: The Birth of the Modern Blockbuster,2014
238,Batman Heroes: Vicki Vale,2005
239,Batman Rebuilt,2008
240,Batman & Robin: Pillow Talk,2008
241,Batman: The Line,2011
242,Batman: Night's End,2011
243,Batman: Behind the Mystery,2003
244,Batman vs. Superman Hawaii,2016
245,Batman: The Death of Robin,2019
246,The Batman: Bane is Enter,2022
247,"Lego Star Wars, Batman and Indiana Jones Movie",2009
248,The Adventures of Batman & Robin Activity Center,1996
249,Batman: The Abridgimated One-Shot,2011
250,Batman: Dark Flight,2015
251,Batman Retired,2012
252,Batman: Crusader,2014
253,Batman: The Bloody Valentine,2015
254,Batman vs Superman: Artist Shahla Yma - Fangirls DOTRT,2013
255,Batman Untold,2010
256,Batman at the Checkpoint,2012
257,Batman Returns Heroes: Batman,2005
258,"I Hate Living with You, Batman",2003
259,Lego Batman Retires,2017
260,The Worst Batman Fanfilm Ever... Period,2016
261,One Brick at a Time: Making the Lego Batman Movie,2017
262,Thomas/Batman,2020
263,Batman,1986
264,Batman Begins: Reflections on Writing,2005
265,Batman Forever Villains: The Riddler,2005
266,The Making of 'Batman: Dead End',2003
267,Holy Memorabilia Batman!,2014
268,Batman: Face to Face,2013
269,Why Batman Can't to Laugh?,2023
270,Batman Forever Heroes: Robin,2005
271,The Death of Batman,2016
272,Batman: Two Faces Are Better Than One,2006
273,Batman: Arkham Underworld,2016
274,Batman: Patient Zero,2016
275,The Batman: Bad Joke,2019
276,"Batman Arkham Origins: Cold, Cold Heart",2014
277,Batman and the Pizza Time part 1,2017
278,Batman Begins Stunts,2005
279,Lego Batman Returns,2017
280,Batman Hangover,2013
281,The Batman,2012
282,GTTV Presents Batman: Arkham Asylum Launched!,2009
283,Batman: The Dark Truth,2011
284,Heart of Vengeance: Returning Batman to His Roots,2011
285,Batman vs Batman,2012
286,Guarding the Balance: Batman and the JLA,2012
287,Batman: The Fire Rises,2013
288,Batman Vendetta,2012
289,Beyond Batman: Out of the Shadows - The Production Design of 'Batman Forever',2005
290,Beyond Batman: The Many Faces of Gotham City,2005
291,Batman & Robin Villains: Mr. Freeze,2005
292,Batman & Robin Villains: Poison Ivy,2005
293,Batman Forever Villains: Two-Face,2005
294,Beyond Batman: Knight Moves - The Stunts of 'Batman Forever',2005
295,Batman Delivrance,2011
296,Crossing Over: Batman Meets Dexter,2015
297,Batman: The Creep Crusader,2013
298,Digital Batman,2005
299,What If Tommy Wiseau Directed Batman?,2014
300,Batman: Gotham by Gaslight - Fan Film,2024
301,Batman the Brave and the Bold: Showtime!,2024
302,Gordon: A Batman Fan Film,2023
303,Batman: First Night,2023
304,Hell Yeah Batman,2015
305,Batman,2013
306,Batman v. Superman: A Parody of Justice,2017
307,Batman Forever,1995
308,"Beyond Batman: Bigger, Bolder, Brighter - The Production Design of 'Batman & Robin'",2005
309,Batman Beyond: The Lost Fan Film,2006
310,Batman & Robin Heroes: Batman,2005
311,Batman by Your Side,2005
312,Batman: Partners in Peril,1996
313,Batman & Robin Heroes: Robin,2005
314,Batman & Robin Heroes: Batgirl,2005
315,Batman & Robin Villains: Bane,2005
316,Batman vs. Superman: Spoof,2016
317,The Batman Files,2012–
318,Steve Woodier Jr's Batman: The Movie,2019
319,View-Master Batman Animated VR,2016
320,Batman: Hell On Earth,2019–
321,"Cowabunga, Batman! When Comic Worlds Collide",2019
322,Batman: Gotham Pizza,2019
323,The Lego Batman Movie 2,2022
324,Lego Batman: The Ridiculous Cape,2010
325,Batman: Requiem for a Bat,2019
326,East/West Batman,2018
327,Batman vs Captain America,2020
328,Realistic Batman Villains,2011
329,A Batman Voice Video,2012
330,Lonely Batman,2019
331,Batman & Robin: To the Fest,2019
332,Pixel Batman: Enter The Phantom Zone,2021
333,BATMAN: TOTAL WAR,2019
334,Batman Parody,2015
335,Lego Batman Triumphant,2017
336,Batman: The Beginning,2018
337,Deconstructing Andy Warhol's Batman/Dracula,2018
338,The Batman,2009
339,Deconstructing Boaz Yakin's Batman Beyond,2018
340,Ask Batman,2018
341,That's Batman,2018
342,Crane (Batman - DC universe Fan Film),2016
343,The Batman Minecraft Series,2019–
344,Lego Batman: Rebrick Contest Winners,2017
345,Batman: The Dark Knight,2018
346,Batman: Joker Escapes!,2018
347,Batman: Dark City,2019
348,Batman Missions,2018
349,The Batman,2020
350,Spectre Studios' Batman,2019
351,"Happy Birthday, Batman!",2019
352,Batman: One Final Joke,2020
353,Batman Alley,2018
354,Terrible Batman Begins Remake,2007
355,The Batman,2016
356,Batman: Dawn of Fear,2021
357,Batman: Most Wanted,2020
358,Batman v Superman: Animated,2015
359,Batman - 80 Years of the Dark Knight (DCAU),2019
360,Batman,2020
361,"Batman, the Punchline",2018
362,LEGO Batman: Crime War,2018
363,Untitled Batman/HBO Max Project,2022–
364,Batman Riddle Me This,2022
365,LEGO Dark Knights: The Batman who Laughs,2020–
366,What if Batman,2020
367,Batman & Robin Forever,2020
368,Batman: A Beautiful Lie,2022
369,Batman: Dawn of the Knight,2021
370,Batman v Superman: Dawn of Breakfast,2016
371,Lego Batman: Me & My Minifig - Michael Cera,2017
372,Lego Batman: Me & My Minifig - Rosario Dawson,2017
373,Lego Batman: Me and My Minifig - Will Arnett,2017
374,Batman V Superman: League at War,2018
375,Lego Batman: Arkham City Vol. 2,2017
376,The Naked Babes of Batman,2016
377,Lego Batman: Arkham City Vol. 3,2017
378,Batman: The White Knight,2020
379,Purple and Green (Batman Fan Film),2018
380,Batman: Year One,2019
381,Batman Beyond,2018
382,Batman the Dawn of the Knight,2017
383,Batman the Rise of Red Hood,2018
384,Puppets vs. People: Batman vs. the Homeless,2017
385,"Silly Batman: Episode 1, Everything is Awesome!",2015
386,Thomas & Friends: DC Super Friends San Diego Comic Con Ft. Thomas as Superman & Diesel as Batman,2016
387,The Batman (Animated MC Series),2018–
388,Office Batman,2017
389,Batman: Son of Gotham,2017
390,"B@: It's a Wonderful Life, Batman!",2016
391,Batman vs. Superman: The Clones of Justice,2015
392,Adis Games: Batman Arkham/Return to Arkham,2016–
393,Bloody Batman,2015
394,Batman Is Awesome,2015
395,Hot Wheels All Access: Batman v. Superman,2016
396,Batman Returns,1993
397,Batman: Return of the Joker,1991
398,Lego Batman: Origins Vol. 1,2016
399,Lego Batman: Origins Vol. 2,2016
400,Lego Batman: Origins Vol. 3,2016
401,Lego Batman: Dark Knight Vol. 1,2016
402,Lego Batman: Dark Knight Vol. 2,2016
403,Lego Batman: Dark Knight Vol. 3,2016
404,Lego Batman: Arkham City Vol. 1,2016
405,How I Be Batman,2017
406,Batman: The Final Victory,2010
407,Batman vs Superman: The Best Superpower Ever,2016
408,Good Knight (AKA Batman),2014
409,Because I'm Batman Films,2014–
410,The Batman: A Fan Film,2013
411,Chicano Batman: Black Lipstick,2016
412,Pivot Batman,2015
413,Batman the Dawn of the Knight,2016
414,Batman Remembers,2017
415,Superfan Dogs: Batman and Superman Comics,2020
416,Batman: Knightfall,2022
417,Batman: Lockdown,2020
418,Batman: Aftermath,2022
419,Untitled Batman: Reboot,2022
420,Batman: Choose Your Mission,2020
421,Nostalgic Tomorrow: A Batman Gathering,2019
422,The Darkest Knight (A Batman Musical),2013
423,Batman: A Beautiful Lie,2022
424,Stay 'Tooned! Presents - Batman: The Animated Series,2021
425,Batman V. Superman: Dawn of Justice (2016),2016
426,Untitled the Batman Spinoff,2023–
427,Batman Forever (1995) Part One with AJ Detisch - Tommy Lee Jonesin' for the '90s,1995
428,Batman Forever (1995) Part Two with AJ Detisch - Tommy Lee Jonesin' for the '90s,1995
429,Batman! Night of the Knight,2020
430,Batman back to Dawn,2021
431,JDR Batman Gotham City Chronicles,2021–
432,Building with Batman,2020–
433,Sooperfilms' the Batman,2016
434,Batman (1989),1989
435,Batman Forever (1995),1995
436,Batman & Robin (1997),1997
437,RiffTrax Presents: Batman Forever,2009
438,I'm Batman (The Truth About Bats),2014
439,Batman: The Fan Series,2020–
440,Batman: The Killing Joke,2024
441,Transformação Do Batman,2019
442,LEGO Batman: Brick by Brick Featurette,2017
443,Batman Begins (2005),2005
444,Batman: Wayne Family Adventures,2022–
445,Wonder Woman vs the Batman,2022
446,The Batman (2022),2022
447,The Batman (2022),2022
448,Superman: Agent of Batman,2020
449,Batman Unburied,2021–
450,Lego Batman,2020–
451,Batman: The Audio Adventures,2021–
452,Batman: The Case of the Laughing Death,2021
453,What If I Killed Batman?,2020
454,What if Batman?,2021
455,Batman: Under the Dark,2020–
456,Lego batman-the zombie riddler,2021
457,What the Hell Happened in the Writer's Room: Batman Returns,2020
458,Batman: Raw Groove,2021
459,Batman Other Worlds,2021
460,"Holy BatCast 353 - Carl Newman, Keaton's Movement Double in Batman (1989)",1989
461,Batman now (Fan film),2017
462,Batman: Heart of Ice,2022
463,The Batman,2022–
464,Batman: The Dawn Sequel,2022
465,Batman v Superman: The Dawn Of Justice (2016) V.S. Captain America: Civil War (2016) W/Dan Keatis,2016
466,Lego: The Batman,2022
467,Episode 208: &quot;Batman&quot; (1989): Movie Review,1989
468,Batman: Taking Flight,2022
469,The Batman (2022) - I'M VENGEANCE,2022
470,Unqualified Observers 37: The Batman (2022) Discussion with Special Guest Collin Miller,2022
471,Batman VS the Joker,2023
472,LEGO Batman: The Phobia Archive,2015
473,Batgirl Teaches Batman a Lesson About Equal Pay,1973
474,Lego Batman: The Series,2015–
475,Batman Returns (1992),1992
476,Batman Returns (1992),1992
477,Son of the Mask (2005) (Guest: Ryan Hoss Writer Batman On Film + Super Mario Bros. The Movie Archive),2005
478,47: Batman & Robin (1997),1997
479,FRESH CUTS - The Batman (2022),2022
480,44: Batman (1989),1989
481,52: The Batman (2022),2022
482,51: The Lego Batman Movie (2017),2017
483,Batman Carpool,2020
484,Firefly-A Batman Short Fan Film,2022
485,Lego Batman,2014–2018
486,The Batman Show,1970–1971
487,Batman: The Killing Joke,2020
488,Batman: The Making of a Hero,1989
489,Joshua Batman Meltdown,2022
490,Batman: Manhunt,2023
491,Batman: Shadows of Gotham,2023
492,The Batman: The Dark Dynasty Continues,2022
493,Batman the Prey,2022
494,Lego Batman: Knight of the Shadows,2019–
495,Lego Batman: Into the Shadows,2022–2023
496,Fear the Batman,2023
497,Batman vs. Two-Face (2017),2017
498,"Lego Batman: Bricks, Bats & Bad Guys",2006
499,Batman: The Adventures Continue,2020–2023
500,The Batman: Grundy's Night (2005) Commentary,2005
501,Lego Batman the Show,2022–2024
502,Twisted Batman Theatre,1998
503,Batman: Gotham Pizza - Second Serving,2022
504,The Ballad of Alan Batman,2023
505,Batman: Arkham City: End Game,2014–2019
506,IS BATMAN (1966) THE BEST BATMAN MOVIE?,1966
507,Batman beyond the movie,2023
508,Batman: Darkness of Day,2022
509,Batman City of Heros,2015
510,Batman: The Adventures Continue - Broken or Beautiful?,2021
511,The Batman: Part II,2027
512,The Batman (2022),2022
513,RedRacc: Lego Batman: The Video Game,2022–
514,The Batman (2022),2022
515,Batman: The Series,2024–
516,Batman: Detective Comics,2023
517,Batman Exordium,2024–
518,Batman The,2022
519,Justice for Batman: The Mark Racop Case,2023
520,Batman: Aftermath,2022
521,Batman thalaivargal,2024
522,Batman thalaivargal part 2,2024
523,Batman: Arkham Insider,2015
524,Batman Shadow of Darkness,2016
525,Batman Beyond: Year One,2002
526,Batman VS the Joker 2: Miami's Freedom,2024
527,Batman: The First Night,2023
528,Batman the World's Greatest Detective,2017
529,Batman: Knightfall Part 1: Knightfall,2026
530,Super Mario Nazi Batman,2008
531,Batman: Knightfall,1994
532,Batman '66 Meets the Green Hornet,2020
533,Batman & Robin,2008
534,Batman 1989 Movie in LEGO Stop Motion!,2024
535,The Batman V Suge Knight,2024
536,The Lego Batman Adventures,2011–
537,Black Joker vs Thomas Wayne Batman,2024
538,Batman Fears,2023
539,The Tales of Batman: Arkham,2011–
540,The Tales of Batman: Arkham Specials,2017
541,"The Tales of Batman: Arkham: Cold, Cold Heart",2013
542,Batman the series: Under the Red Hood pilot movie,2023
543,Batman the Brave and the Bold: The Long Night,2025
544,Freeze the Batman,2022
545,Batman Cave,2029
546,Batman - Unexpected East Frisia,2025
547,Batman: The Darkest Knight,2024
548,Batman Shattered Soul,2020
549,Batman the series: Road to Under the Red Hood,2023
550,Batman: Shadow of Justice,2025
551,Batman Unmasked,2025
552,Batman Goes to Therapy,2024
553,IS The Batman (2022) Movie WORTH Watching?,2022
554,Actually Batman,2025
555,Batman: Death of the Family,2025–
556,My friend Batman Tremblay,2025
557,Batman Monsters,2012
558,Batman 20 Years On,2009
559,Batman: Mini-Figure,2014
560,An Interview with Batman,2014
561,Iron Man vs Batman,2010
562,The Batman Auditions,2014
563,Chicano Batman en el Retrovisor,2013
564,Batman: The Puzzle Master,2015
565,Batman Infinite,2016
566,Sassy Batman,2014–
567,Batman Retires,2014
568,Batman: Battle for the Cowl,2015
569,The Batman: Season 3 Unmasked,2007
570,Untitled Batman Spin-off Series,2017–
571,The Batman: Season 4 Unmasked,2007
572,The Original Batman,2014–
573,Batman and Jimbo,2015
574,Batman is a Vampire,2014
575,Indecisive Batman,2014
576,Batman: A Face a Laugh and a Crow,2006
577,Bizim Batman,2015
578,Batman: The Final Battle,2008
579,The Evolution of Batman in Cinema,2015
580,Batman: Retribution,2014
581,Holy Board Meeting Batman!,2014
582,Batman Reboots,2010
583,Batman: Arkham City Lockdown,2011
584,Batman: Hidden Affairs,2015
585,Batman Forever Heroes: Batman,2005
586,Henry Cavill Asks Kids: Batman or Superman?,2016
587,Jesse Eisenberg Asks Fans: Batman or Superman?,2016
588,Batman Goes to School,2015
589,Batman Beyond,2013
590,Batman: The Darkest Night,2018–
591,Batman: Arkham VR,2016
592,Batman,2016
593,Batman Unveiled,2018
594,Batman: Return to Arkham,2016
595,Batman: Where is he Now?,2016
596,Lego Batman: Riddler Returns,2010
597,The Adventures of Batman & Robin Cartoon Maker,1995
598,Moody Batman,2015
599,Building Batman,2013
600,Comment embrasser une fille avec trois questions? Batman dating tips,2015
601,Batman: Cape & Cowl,2014–
602,Batman Beyond: Night of the Pickpocket,2010
603,[Bootleg] Batman: Vickie Valle,2014
604,Batman: The Dark Knight Beyond,2016
605,Beyond Batman: Frozen Freaks and Femme Fatales - The Makeup of 'Batman & Robin',2005
606,The Adventures of Batman & Robin,1995
607,Beyond Batman: Imaging Forever: The Visual Effects of 'Batman Forever',2005
608,Beyond Batman: Scoring Forever - The Music of 'Batman Forever',2005
609,Batman vs. Robin: Talon of the Owls,2015
610,Na Na Na Batman,2014
611,Batman: Fallen Son,2015
612,Batman: Personal Issues,2015
613,Skyfest 2015: Batman vs Superman,2016
614,Batman: The Hunt for Red Hood,2016–
615,Batman Beyond: The Beginning,2017
616,Batman: Chaos in Gotham City,2012
617,Batman Returns: Rob Burman on Mold Making and Costumes,2012
618,Batman: The Enemy Within,1995
619,Batman Consquences,2011
620,Batman Consequences: Ending with the Premiere,2011
621,Batman- Out of Character,2011
622,Tomorrow Knight: Batman Reborn,2010
623,Goldentusk's Batman Theme Song,2007
624,Batman of Suburbia,2010
625,El día que conocí a Batman,2009
626,Vice Press x Thought Bubble Present: Batman,1989
627,Batman: A Taste of Terror,2023
628,The Batman Plancarte,2022
629,Batman: Just A Mortal,2023–
